id,id_car,first_name,last_name,email,phone
1,3,Kari,Matityahu,kmatityahu0@1und1.de,440-872-0424
2,9,Jasper,Bagg,jbagg1@yahoo.com,279-541-9917
3,15,Bianka,Josilowski,bmaiden2@mediafire.com,623-511-1762
4,7,Neda,Muat,nmuat3@meetup.com,844-950-1952
5,12,Florella,Stollard,fstollard4@paginegialle.it,909-439-8830
6,10,Kaitlyn,Eglese,keglese5@tumblr.com,957-107-9208
7,12,Lizabeth,Schwandermann,lschwandermann6@geocities.jp,453-170-7235
8,12,Deborah,Arrington,darrington7@blogspot.com,868-800-4337
9,3,Loella,Sally,lsally8@twitter.com,827-120-0012
10,1,Minnie,Worboy,mworboy9@shinystat.com,152-570-1566
11,18,Philippe,Feechan,pfeechana@goodreads.com,754-865-0392
12,6,Robers,Abercromby,rabercrombyb@thetimes.co.uk,858-311-9165
13,20,Allin,Hailey,ahaileyc@xing.com,619-718-7030
14,4,Geordie,Simione,gsimioned@instagram.com,433-554-6685
15,13,Faber,Cleminshaw,fcleminshawe@google.co.jp,226-340-9858
16,5,Joannes,Amiss,jamissf@ow.ly,429-302-2895
17,2,Irene,Galer,igalerg@google.com.br,175-464-7923
18,14,Ford,Kenshole,fkensholeh@yolasite.com,290-463-9306
19,15,Hildegaard,Gregoletti,hgregolettii@blog.com,404-915-9897
20,13,Andres,Stollard,awraightej@tripadvisor.com,744-796-3217
21,8,Colene,Duffan,cduffank@github.com,777-391-4219
22,19,Allyn,Stinton,astintonl@lulu.com,544-539-9762
23,18,Sheilah,MacVanamy,smacvanamym@merriam-webster.com,576-488-0496
24,19,Oliviero,Lackney,olackneyn@moonfruit.com,672-363-8625
25,11,Rhoda,Salle,rsalleo@flickr.com,948-695-1033
26,3,Norry,Lidgely,nlidgelyp@amazon.de,685-625-1520
27,16,Willamina,Barnett,wbarnettq@nasa.gov,527-398-5441
28,19,Katalin,Maccrae,kmaccraer@newyorker.com,244-799-2903
29,6,Kara,Moorhouse,kmoorhouses@yellowbook.com,465-535-8557
30,2,Zerk,Ipsley,zipsleyt@accuweather.com,642-352-6379
31,17,Ewart,Bickmore,ejowlingu@examiner.com,604-260-1682
32,14,Robinet,Uridge,ruridgev@issuu.com,203-500-9113
33,20,Andree,Vial,avialw@ifeng.com,876-194-0448
34,14,Christin,Hackin,chackinx@illinois.edu,376-502-0063
35,10,Joshua,Egiloff,jegiloffy@techcrunch.com,836-158-7202
36,10,Dulcie,Hawker,dhawkerz@japanpost.jp,699-682-3228
37,16,Iormina,Jewess,ijewess10@vkontakte.ru,118-509-2998
38,1,Bettine,Gormley,bgormley11@typepad.com,340-545-4518
39,7,Maria,Bebis,mbebis12@issuu.com,866-339-5790
40,14,Tawsha,Markham,tmarkham13@phpbb.com,111-779-9356
41,17,Kevon,Fuzzey,kfuzzey14@virginia.edu,446-359-9437
42,16,Joyce,Simononsky,jsimononsky15@zdnet.com,720-425-2636
43,14,Lou,Baddeley,lbaddeley16@usgs.gov,610-856-1555
44,13,Alvis,Esbrook,aesbrook17@t.co,695-414-6715
45,13,Rakel,Boniface,rboniface18@miitbeian.gov.cn,748-625-7906
46,19,Karyn,Stollard,kansty19@symantec.com,581-122-5252
47,4,Raff,Castro,rcastro1a@ustream.tv,986-191-1097
48,4,Dehlia,Hamlet,dhamlet1b@4shared.com,114-303-9616
49,6,Cassius,Yallop,cyallop1c@blog.com,715-376-7254
50,15,Abraham,Wildin,awildin1d@abc.net.au,954-377-2449
51,4,Lief,Corbyn,lcorbyn1e@bing.com,934-338-3376
52,2,Chelsea,Pestricke,cpestricke1f@newsvine.com,343-309-4922
53,14,Rafaello,Gypps,rgypps1g@netvibes.com,846-998-4265
54,7,Averyl,Auston,aauston1h@networksolutions.com,716-291-5555
55,6,Lorinda,Gillmor,lgillmor1i@ft.com,748-649-7353
56,2,Guillermo,Bickmore,gbickmore1j@webnode.com,446-426-9833
57,13,Susana,Tyre,styre1k@abc.net.au,715-108-0314
58,12,Tersina,Wyllt,twyllt1l@cnet.com,178-243-3682
59,20,Cchaddie,Dummett,cdummett1m@wikimedia.org,232-801-5539
60,15,Fionnula,Hutchason,fhutchason1n@biblegateway.com,205-635-5800
61,7,Davidde,Ferre,dferre1o@1und1.de,835-531-7140
62,5,Madison,Tenant,mtenant1p@state.gov,600-851-4019
63,13,Caroljean,McIleen,cmcileen1q@posterous.com,691-421-8994
64,12,Duane,Wheatcroft,dwheatcroft1r@sourceforge.net,927-122-0142
65,4,Britney,Dovidian,bdovidian1s@ox.ac.uk,499-308-5670
66,7,Odele,Jenoure,ojenoure1t@usa.gov,838-566-2692
67,5,Carrie,Roglieri,croglieri1u@sun.com,752-128-2592
68,10,Mayer,Sheardown,msheardown1v@ning.com,327-652-9439
69,16,Nicoli,Faustin,nfaustin1w@furl.net,220-143-7379
70,14,Ingar,Syplus,isyplus1x@cpanel.net,291-317-6507
71,14,Oriana,Cowton,ocowton1y@shareasale.com,980-782-1703
72,19,Gottfried,Dummigan,gdummigan1z@github.com,438-217-1616
73,20,Godiva,De Giovanni,gdegiovanni20@storify.com,449-993-8677
74,8,Carla,Goggin,cgoggin21@geocities.jp,562-347-6240
75,16,Franz,Bunner,fbunner22@nationalgeographic.com,770-135-5249
76,3,Sherill,Elsay,selsay23@paginegialle.it,390-828-6611
77,12,Haslett,Ben-Aharon,hbenaharon24@chronoengine.com,211-117-8907
78,17,Madelina,Linton,mlinton25@nydailynews.com,383-417-0766
79,17,Vanya,Fairham,vfairham26@ed.gov,113-910-0397
80,4,Alexio,Passion,apassion27@phoca.cz,216-623-9971
81,12,Quinta,Sprason,qsprason28@posterous.com,842-450-3551
82,9,Del,Yurocjhin,dyurocjhin29@lulu.com,856-525-3153
83,7,Isidro,Elgey,ielgey2a@uol.com.br,235-669-5543
84,11,Wake,Cranston,wcranston2b@sogou.com,943-320-4670
85,1,Noni,MacArte,nmacarte2c@about.com,287-229-8216
86,6,Athena,Hellyar,ahellyar2d@weebly.com,932-161-3905
87,10,Morten,Stollard,mrissom2e@posterous.com,246-577-9769
88,8,Merline,Jeannon,mjeannon2f@mac.com,330-438-0248
89,5,Jerald,Colclough,jcolclough2g@bravesites.com,244-721-8175
90,2,Valentijn,Venart,vvenart2h@cargocollective.com,304-844-5968
91,15,Floria,Leyshon,fleyshon2i@mapquest.com,365-151-6266
92,10,Derrek,Sperling,dsperling2j@flavors.me,383-748-2811
93,8,Christen,Birdis,cbirdis2k@nps.gov,192-919-2552
94,2,Allie,Warland,awarland2l@digg.com,316-668-4701
95,11,Banky,Yegorchenkov,byegorchenkov2m@studiopress.com,253-790-0738
96,15,Lisetta,Dowker,ldowker2n@whitehouse.gov,836-945-0366
97,4,Lem,Cecely,lcecely2o@mlb.com,405-171-5401
98,2,Kelly,Cowthart,kcowthart2p@youku.com,738-327-3902
99,19,Natasha,Monelli,nmonelli2q@wix.com,158-234-6763
100,8,Valentina,Maleham,vmaleham2r@smugmug.com,435-771-7716
101,18,Misty,Stringman,mstringman2s@unesco.org,873-165-9678
102,8,Bayard,Dummer,bdummer2t@sitemeter.com,586-495-3113
103,8,Emeline,Kelsow,ekelsow2u@creativecommons.org,396-934-1108
104,4,Sherlocke,Josilowski,sjosilowski2v@oaic.gov.au,921-819-4188
105,19,Maud,Emanson,memanson2w@friendfeed.com,213-175-0021
106,13,Marta,Rose,mrose2x@dedecms.com,392-622-4507
107,12,Ivory,Berks,iberks2y@ucsd.edu,132-699-0783
108,16,Turner,Marklin,tmarklin2z@discovery.com,480-351-9359
109,11,Chelsy,Noell,cnoell30@vk.com,788-167-6172
110,4,Shawna,Dessaur,sdessaur31@google.pl,559-906-3627
111,2,Elisabetta,Caws,ecaws32@unc.edu,216-465-3789
112,1,Rakel,Curme,rcurme33@slate.com,205-976-3582
113,15,Andros,Heintze,aheintze34@ycombinator.com,998-521-9435
114,9,Adella,Springell,aspringell35@jiathis.com,626-996-3634
115,16,Cecil,Mattisssen,cmattisssen36@e-recht24.de,765-231-7843
116,11,Patrice,Gravet,pgravet37@netlog.com,165-362-9508
117,16,Emmerich,Foran,eforan38@taobao.com,763-464-4499
118,15,Danita,Brolechan,dbrolechan39@bigcartel.com,408-985-3433
119,5,Marie-jeanne,Badgers,mbadgers3a@ezinearticles.com,868-486-1431
120,13,Belinda,Hessing,bhessing3b@seesaa.net,771-299-3268
121,16,Rustie,Bickmore,rbramelt3c@ted.com,871-323-7888
122,2,Tymothy,Stollard,twastling3d@foxnews.com,506-661-2730
123,11,Gillan,Blunt,gblunt3e@desdev.cn,400-131-8533
124,19,Phillis,Jelkes,pjelkes3f@godaddy.com,399-144-7109
125,16,Noelle,Abbots,nabbots3g@gravatar.com,415-602-7122
126,3,Felicia,Broadnicke,fbroadnicke3h@google.ca,582-440-6229
127,3,Justine,Losebie,jlosebie3i@hp.com,752-222-2913
128,4,Rona,Kegan,rkegan3j@sogou.com,874-925-4377
129,1,Germaine,Tonkes,gtonkes3k@blog.com,727-505-2215
130,8,Sigrid,Wyllis,swyllis3l@weibo.com,719-252-1355
131,13,Giffer,Bolton,gbolton3m@senate.gov,809-205-2462
132,14,Devondra,Barenski,dbarenski3n@vinaora.com,137-418-0697
133,12,Lon,Crumly,lcrumly3o@statcounter.com,533-134-8731
134,12,Amberly,Jorck,ajorck3p@ftc.gov,524-285-6254
135,7,Brander,Lorie,blorie3q@foxnews.com,352-344-8096
136,14,Sylvia,Highton,shighton3r@nasa.gov,315-682-1276
137,20,Page,Stollard,ppietasch3s@amazon.com,824-986-7875
138,10,Shirlene,Mattiuzzi,smattiuzzi3t@mapy.cz,923-743-1089
139,8,Hinze,Lotwich,hlotwich3u@acquirethisname.com,432-831-8894
140,10,Ferdinanda,Gaudon,fgaudon3v@sfgate.com,960-903-4036
141,8,Eli,Fayter,efayter3w@narod.ru,345-892-8207
142,7,Cloe,Duffield,cduffield3x@slashdot.org,413-919-0382
143,13,Willey,Casazza,wcasazza3y@slideshare.net,435-959-9365
144,20,Samuel,Josilowski,slohrensen3z@ed.gov,938-798-1144
145,4,Thorn,Bugdell,tbugdell40@wikipedia.org,567-721-4610
146,10,Chan,Treker,ctreker41@independent.co.uk,507-295-5194
147,13,Ervin,Scrivin,escrivin42@icio.us,197-819-5590
148,9,Sandy,Everingham,severingham43@hugedomains.com,975-329-1486
149,12,Cirstoforo,Maffei,cmaffei44@reddit.com,129-106-6562
150,3,Wenda,Gregoriou,wgregoriou45@ebay.co.uk,159-237-3826
151,10,Bertrando,Brane,bbrane46@businessweek.com,765-572-4876
152,17,Artie,Barnwell,abarnwell47@home.pl,756-592-6005
153,11,Wileen,Deary,wdeary48@mail.ru,270-748-1081
154,8,Laurens,Mashro,lmashro49@gov.uk,776-442-8052
155,20,Deeanne,Leward,dleward4a@stumbleupon.com,952-341-0393
156,12,Dorree,Joskowicz,djoskowicz4b@nps.gov,502-888-0508
157,9,Marne,Rown,mrown4c@sitemeter.com,184-402-2200
158,18,Ricki,Ference,rference4d@ustream.tv,478-174-1853
159,7,Leonanie,Capineer,lcapineer4e@ovh.net,226-577-0770
160,6,Wernher,Markova,wmarkova4f@unesco.org,220-540-8683
161,19,Ingar,Aldis,ialdis4g@jiathis.com,387-733-0659
162,20,Olenka,Bricham,obricham4h@bandcamp.com,882-441-2473
163,10,Halimeda,Jedras,hjedras4i@hud.gov,899-548-0003
164,13,Bourke,Poynser,bpoynser4j@flickr.com,371-738-2059
165,17,Patty,Basketfield,pbasketfield4k@unesco.org,427-775-3317
166,17,Agosto,Gaynor,agaynor4l@deviantart.com,815-478-9499
167,16,Manny,Hailwood,mhailwood4m@sfgate.com,720-479-8909
168,13,Trenton,Bardey,tbardey4n@latimes.com,510-233-0798
169,14,Tadeo,Conti,tconti4o@stanford.edu,744-126-6172
170,4,Lorne,Muro,lmuro4p@printfriendly.com,325-570-4467
171,11,Moll,Littrick,mlittrick4q@nps.gov,152-966-2541
172,16,Lanie,Kibel,lkibel4r@telegraph.co.uk,311-204-4383
173,18,Anna-diane,Balharry,abalharry4s@hexun.com,830-116-2806
174,2,Guglielmo,Stollard,gmannakee4t@free.fr,231-354-5751
175,6,Giana,Leuty,gleuty4u@twitter.com,410-406-7413
176,9,Derek,Lowsely,dlowsely4v@irs.gov,869-868-3848
177,14,Raven,Josilowski,rgantzer4w@comcast.net,379-217-7019
178,16,Gilburt,Manis,gmanis4x@sohu.com,255-633-8722
179,8,Erroll,Winston,ewinston4y@examiner.com,712-853-0440
180,15,Hartley,Bayliss,hbayliss4z@liveinternet.ru,844-669-2039
181,2,Georgine,Scolding,gscolding50@redcross.org,541-617-8440
182,6,Reggie,Knewstubb,rknewstubb51@mozilla.org,301-261-4864
183,17,Germana,Stollard,gpercival52@comcast.net,157-836-2979
184,8,Atlante,Antusch,aantusch53@psu.edu,673-517-0207
185,2,Cristionna,O' Mulderrig,comulderrig54@comsenz.com,822-167-5528
186,15,Bren,Cringle,bcringle55@zimbio.com,757-824-7511
187,14,Elizabeth,Scase,escase56@yolasite.com,272-182-4732
188,20,Marjory,Darnbrook,mdarnbrook57@ycombinator.com,180-632-7559
189,7,Tulley,Skaife,tskaife58@imgur.com,802-212-6385
190,2,Joan,Wozencroft,jwozencroft59@typepad.com,797-795-7876
191,15,Goober,Goodbourn,ggoodbourn5a@theglobeandmail.com,424-664-3194
192,3,Libbie,Juster,ljuster5b@vistaprint.com,803-506-5870
193,1,Reilly,Rockcliff,rrockcliff5c@addtoany.com,897-840-1174
194,10,Martica,Louisot,mlouisot5d@mtv.com,151-331-5112
195,7,Aland,Ayllett,aayllett5e@trellian.com,343-308-2833
196,17,Lynnette,Duffree,lduffree5f@vistaprint.com,136-337-7391
197,15,Mart,Kemmis,mkemmis5g@sfgate.com,430-683-3790
198,9,Land,Josilowski,lpeniman5h@chron.com,137-997-8113
199,15,Deana,Tanslie,dtanslie5i@nature.com,360-675-0270
200,7,Bradford,Casper,bcasper5j@mac.com,210-441-4873
